{
    "metadata":{
        "normal":24,
        "generator":"io_three",
        "position":24,
        "version":3,
        "type":"BufferGeometry"
    },
    "data":{
        "groups":[{
            "count":36,
            "start":0,
            "materialIndex":0
        }],
        "index":{
            "array":[0,1,2,3,4,5,6,7,8,9,10,11,12,13,14,15,16,17,0,18,1,3,19,4,6,20,7,9,21,10,12,22,13,15,23,16],
            "type":"Uint16Array",
            "itemSize":1
        },
        "attributes":{
            "normal":{
                "array":[-1,0,0,-1,0,0,-0.999969,0,0,0,0,1,0,0,1,0,0,1,1,0,0,1,0,0,1,0,0,0,0,-1,0,0,-1,0,0,-1,0,-0.999969,0,0,-0.999969,0,0,-1,0,0,1,0,0,1,0,0,1,0,-1,0,0,0,0,1,0.999969,0,0,0,0,-1,0,-1,0,0,1,0],
                "type":"Float32Array",
                "itemSize":3
            },
            "position":{
                "array":[-3.01691,-2.51288,2.59192,-3.01691,-1.78195,-1.70615,-3.01691,-2.51288,-1.70615,1.4064,-2.51288,2.59192,-3.01691,-1.78196,2.59192,-3.01691,-2.51288,2.59192,1.4064,-2.51288,2.59192,1.4064,-1.78195,-1.70615,1.4064,-1.78196,2.59192,-3.01691,-2.51288,-1.70615,1.4064,-1.78195,-1.70615,1.4064,-2.51288,-1.70615,-3.01691,-2.51288,-1.70615,1.4064,-2.51288,2.59192,-3.01691,-2.51288,2.59192,1.4064,-1.78195,-1.70615,-3.01691,-1.78196,2.59192,1.4064,-1.78196,2.59192,-3.01691,-1.78196,2.59192,1.4064,-1.78196,2.59192,1.4064,-2.51288,-1.70615,-3.01691,-1.78195,-1.70615,1.4064,-2.51288,-1.70615,-3.01691,-1.78195,-1.70615],
                "type":"Float32Array",
                "itemSize":3
            }
        }
    }
}